product_sk,product_code,product_name,category,subcategory,brand,launch_date,mrp,tax_pct,product_status,last_price_revision
1,ELE-MOB-0001,Mobile_Product_1,Electronics,Mobile,Brand_23,2021-12-28,46688,28,DISCONTINUED,2024-11-03
2,ELE-MOB-0002,Mobile_Product_2,Electronics,Mobile,Brand_20,2025-10-23,69809,12,ACTIVE,2024-05-22
3,ELE-MOB-0003,Mobile_Product_3,Electronics,Mobile,Brand_27,2020-07-17,92793,5,DISCONTINUED,2025-01-09
4,ELE-MOB-0004,Mobile_Product_4,Electronics,Mobile,Brand_7,2021-02-25,14808,18,DISCONTINUED,2025-03-19
5,ELE-MOB-0005,Mobile_Product_5,Electronics,Mobile,Brand_31,2022-10-19,30537,18,ACTIVE,2024-11-23
6,ELE-MOB-0006,Mobile_Product_6,Electronics,Mobile,Brand_30,2024-10-18,37697,28,ACTIVE,2024-02-07
7,ELE-MOB-0007,Mobile_Product_7,Electronics,Mobile,Brand_24,2020-09-03,86741,28,DISCONTINUED,2024-01-10
8,ELE-MOB-0008,Mobile_Product_8,Electronics,Mobile,Brand_39,2022-04-08,66160,12,ACTIVE,2026-05-30
9,ELE-MOB-0009,Mobile_Product_9,Electronics,Mobile,Brand_38,2022-07-03,34070,28,ACTIVE,2025-12-20
10,ELE-MOB-0010,Mobile_Product_10,Electronics,Mobile,Brand_4,2021-12-27,99636,28,ACTIVE,2025-06-05
11,ELE-MOB-0011,Mobile_Product_11,Electronics,Mobile,Brand_28,2020-07-30,32687,18,DISCONTINUED,2026-02-02
12,ELE-MOB-0012,Mobile_Product_12,Electronics,Mobile,Brand_23,2024-03-23,26674,12,ACTIVE,2026-03-07
13,ELE-MOB-0013,Mobile_Product_13,Electronics,Mobile,Brand_35,2021-09-09,32109,18,DISCONTINUED,2025-01-03
14,ELE-MOB-0014,Mobile_Product_14,Electronics,Mobile,Brand_9,2023-02-16,42177,28,ACTIVE,2024-12-13
15,ELE-MOB-0015,Mobile_Product_15,Electronics,Mobile,Brand_5,2023-07-21,44303,28,DISCONTINUED,2025-10-15
16,ELE-MOB-0016,Mobile_Product_16,Electronics,Mobile,Brand_9,2024-07-06,25315,5,DISCONTINUED,2024-07-26
17,ELE-MOB-0017,Mobile_Product_17,Electronics,Mobile,Brand_11,2023-01-08,88866,12,ACTIVE,2024-03-31
18,ELE-MOB-0018,Mobile_Product_18,Electronics,Mobile,Brand_25,2021-03-26,87275,28,ACTIVE,2026-01-02
19,ELE-MOB-0019,Mobile_Product_19,Electronics,Mobile,Brand_33,2024-03-27,76122,28,DISCONTINUED,2024-09-13
20,ELE-MOB-0020,Mobile_Product_20,Electronics,Mobile,Brand_31,2024-09-07,94909,12,ACTIVE,2025-10-09
21,ELE-MOB-0021,Mobile_Product_21,Electronics,Mobile,Brand_31,2020-04-10,27509,18,DISCONTINUED,2024-10-12
22,ELE-MOB-0022,Mobile_Product_22,Electronics,Mobile,Brand_31,2024-12-23,98679,12,ACTIVE,2025-06-23
23,ELE-MOB-0023,Mobile_Product_23,Electronics,Mobile,Brand_7,2022-02-14,16202,12,ACTIVE,2026-01-11
24,ELE-MOB-0024,Mobile_Product_24,Electronics,Mobile,Brand_37,2023-02-23,11932,12,DISCONTINUED,2024-08-16
25,ELE-MOB-0025,Mobile_Product_25,Electronics,Mobile,Brand_9,2025-09-21,98884,5,ACTIVE,2024-07-08
26,ELE-MOB-0026,Mobile_Product_26,Electronics,Mobile,Brand_23,2022-09-12,89910,18,DISCONTINUED,2024-04-07
27,ELE-MOB-0027,Mobile_Product_27,Electronics,Mobile,Brand_33,2024-01-16,36089,18,ACTIVE,2024-10-11
28,ELE-MOB-0028,Mobile_Product_28,Electronics,Mobile,Brand_5,2021-11-03,41819,12,ACTIVE,2024-09-24
29,ELE-MOB-0029,Mobile_Product_29,Electronics,Mobile,Brand_1,2020-07-28,30540,18,ACTIVE,2024-08-18
30,ELE-MOB-0030,Mobile_Product_30,Electronics,Mobile,Brand_2,2022-04-11,20876,12,ACTIVE,2025-05-01
31,ELE-MOB-0031,Mobile_Product_31,Electronics,Mobile,Brand_13,2023-08-29,87621,18,DISCONTINUED,2024-01-10
32,ELE-MOB-0032,Mobile_Product_32,Electronics,Mobile,Brand_20,2025-01-03,76065,28,ACTIVE,2025-03-29
33,ELE-MOB-0033,Mobile_Product_33,Electronics,Mobile,Brand_7,2024-10-13,66126,28,DISCONTINUED,2024-05-22
34,ELE-MOB-0034,Mobile_Product_34,Electronics,Mobile,Brand_6,2022-03-08,19467,18,ACTIVE,2025-06-21
35,ELE-MOB-0035,Mobile_Product_35,Electronics,Mobile,Brand_27,2021-12-08,70865,28,DISCONTINUED,2024-11-17
36,ELE-MOB-0036,Mobile_Product_36,Electronics,Mobile,Brand_25,2023-04-11,82034,12,ACTIVE,2025-03-24
37,ELE-MOB-0037,Mobile_Product_37,Electronics,Mobile,Brand_25,2020-07-26,89913,12,ACTIVE,2024-01-21
38,ELE-MOB-0038,Mobile_Product_38,Electronics,Mobile,Brand_37,2021-11-27,47482,28,ACTIVE,2025-06-17
39,ELE-MOB-0039,Mobile_Product_39,Electronics,Mobile,Brand_39,2023-03-31,51881,28,DISCONTINUED,2024-08-06
40,ELE-MOB-0040,Mobile_Product_40,Electronics,Mobile,Brand_26,2022-05-07,10328,28,ACTIVE,2024-09-06
41,ELE-MOB-0041,Mobile_Product_41,Electronics,Mobile,Brand_2,2023-04-17,50883,5,ACTIVE,2025-04-25
42,ELE-MOB-0042,Mobile_Product_42,Electronics,Mobile,Brand_11,2024-06-02,20055,5,ACTIVE,2024-07-31
43,ELE-MOB-0043,Mobile_Product_43,Electronics,Mobile,Brand_26,2023-06-30,79878,5,DISCONTINUED,2026-04-25
44,ELE-MOB-0044,Mobile_Product_44,Electronics,Mobile,Brand_19,2025-08-08,36968,5,DISCONTINUED,2024-04-02
45,ELE-MOB-0045,Mobile_Product_45,Electronics,Mobile,Brand_28,2022-09-08,33408,12,DISCONTINUED,2024-02-05
46,ELE-MOB-0046,Mobile_Product_46,Electronics,Mobile,Brand_15,2021-01-24,8103,5,ACTIVE,2025-02-25
47,ELE-MOB-0047,Mobile_Product_47,Electronics,Mobile,Brand_16,2024-03-17,56661,12,ACTIVE,2025-06-20
48,ELE-MOB-0048,Mobile_Product_48,Electronics,Mobile,Brand_18,2024-01-26,41801,18,ACTIVE,2024-10-24
49,ELE-MOB-0049,Mobile_Product_49,Electronics,Mobile,Brand_1,2025-12-24,83417,18,ACTIVE,2025-09-22
50,ELE-MOB-0050,Mobile_Product_50,Electronics,Mobile,Brand_25,2021-09-15,21443,18,ACTIVE,2026-02-21
51,ELE-LAP-0051,Laptop_Product_51,Electronics,Laptop,Brand_7,2020-01-08,67136,18,DISCONTINUED,2025-03-13
52,ELE-LAP-0052,Laptop_Product_52,Electronics,Laptop,Brand_6,2020-05-29,50254,28,DISCONTINUED,2024-02-14
53,ELE-LAP-0053,Laptop_Product_53,Electronics,Laptop,Brand_4,2022-01-18,51148,5,ACTIVE,2025-03-04
54,ELE-LAP-0054,Laptop_Product_54,Electronics,Laptop,Brand_38,2020-03-13,83611,5,ACTIVE,2024-09-25
55,ELE-LAP-0055,Laptop_Product_55,Electronics,Laptop,Brand_40,2023-10-06,26216,5,DISCONTINUED,2025-01-23
56,ELE-LAP-0056,Laptop_Product_56,Electronics,Laptop,Brand_9,2023-07-03,36466,5,ACTIVE,2025-03-02
57,ELE-LAP-0057,Laptop_Product_57,Electronics,Laptop,Brand_25,2025-07-06,71624,18,ACTIVE,2025-04-26
58,ELE-LAP-0058,Laptop_Product_58,Electronics,Laptop,Brand_15,2021-08-27,10081,28,ACTIVE,2024-02-27
59,ELE-LAP-0059,Laptop_Product_59,Electronics,Laptop,Brand_12,2023-01-26,20137,12,DISCONTINUED,2025-08-08
60,ELE-LAP-0060,Laptop_Product_60,Electronics,Laptop,Brand_13,2023-11-20,34975,18,ACTIVE,2025-04-16
61,ELE-LAP-0061,Laptop_Product_61,Electronics,Laptop,Brand_5,2020-10-04,84279,5,DISCONTINUED,2025-04-20
62,ELE-LAP-0062,Laptop_Product_62,Electronics,Laptop,Brand_11,2025-10-13,49233,5,ACTIVE,2024-09-06
63,ELE-LAP-0063,Laptop_Product_63,Electronics,Laptop,Brand_2,2023-11-18,83814,5,ACTIVE,2025-03-20
64,ELE-LAP-0064,Laptop_Product_64,Electronics,Laptop,Brand_29,2021-01-21,33206,18,ACTIVE,2024-08-15
65,ELE-LAP-0065,Laptop_Product_65,Electronics,Laptop,Brand_13,2021-05-14,65585,5,ACTIVE,2025-04-11
66,ELE-LAP-0066,Laptop_Product_66,Electronics,Laptop,Brand_37,2023-07-21,46870,18,DISCONTINUED,2026-04-09
67,ELE-LAP-0067,Laptop_Product_67,Electronics,Laptop,Brand_5,2021-11-30,73881,12,ACTIVE,2026-02-10
68,ELE-LAP-0068,Laptop_Product_68,Electronics,Laptop,Brand_38,2021-12-29,20627,5,ACTIVE,2025-06-03
69,ELE-LAP-0069,Laptop_Product_69,Electronics,Laptop,Brand_36,2020-10-22,46832,12,ACTIVE,2025-06-05
70,ELE-LAP-0070,Laptop_Product_70,Electronics,Laptop,Brand_38,2023-12-21,18278,5,ACTIVE,2026-06-12
71,ELE-LAP-0071,Laptop_Product_71,Electronics,Laptop,Brand_26,2020-01-15,15854,12,ACTIVE,2025-09-13
72,ELE-LAP-0072,Laptop_Product_72,Electronics,Laptop,Brand_28,2021-11-11,43899,5,ACTIVE,2026-02-16
73,ELE-LAP-0073,Laptop_Product_73,Electronics,Laptop,Brand_4,2025-05-08,96656,12,DISCONTINUED,2024-05-19
74,ELE-LAP-0074,Laptop_Product_74,Electronics,Laptop,Brand_18,2020-09-16,30467,18,ACTIVE,2024-02-25
75,ELE-LAP-0075,Laptop_Product_75,Electronics,Laptop,Brand_16,2021-11-22,47990,5,DISCONTINUED,2026-02-12
76,ELE-LAP-0076,Laptop_Product_76,Electronics,Laptop,Brand_11,2025-06-15,32946,28,ACTIVE,2026-03-18
77,ELE-LAP-0077,Laptop_Product_77,Electronics,Laptop,Brand_16,2022-08-01,66399,18,ACTIVE,2024-02-18
78,ELE-LAP-0078,Laptop_Product_78,Electronics,Laptop,Brand_15,2025-05-27,84295,28,ACTIVE,2024-09-20
79,ELE-LAP-0079,Laptop_Product_79,Electronics,Laptop,Brand_14,2022-12-25,20332,18,DISCONTINUED,2025-06-21
80,ELE-LAP-0080,Laptop_Product_80,Electronics,Laptop,Brand_2,2022-02-21,29560,5,DISCONTINUED,2025-02-24
81,ELE-LAP-0081,Laptop_Product_81,Electronics,Laptop,Brand_17,2021-01-28,37780,28,DISCONTINUED,2024-09-08
82,ELE-LAP-0082,Laptop_Product_82,Electronics,Laptop,Brand_9,2020-07-10,67646,18,ACTIVE,2024-12-06
83,ELE-LAP-0083,Laptop_Product_83,Electronics,Laptop,Brand_4,2023-01-20,88058,28,DISCONTINUED,2024-04-18
84,ELE-LAP-0084,Laptop_Product_84,Electronics,Laptop,Brand_22,2020-04-23,41381,5,DISCONTINUED,2024-05-08
85,ELE-LAP-0085,Laptop_Product_85,Electronics,Laptop,Brand_14,2025-03-26,64092,12,ACTIVE,2024-03-01
86,ELE-LAP-0086,Laptop_Product_86,Electronics,Laptop,Brand_40,2020-07-31,63447,18,ACTIVE,2024-09-20
87,ELE-LAP-0087,Laptop_Product_87,Electronics,Laptop,Brand_31,2022-08-06,74548,5,DISCONTINUED,2024-03-14
88,ELE-LAP-0088,Laptop_Product_88,Electronics,Laptop,Brand_31,2021-05-26,63594,18,DISCONTINUED,2024-01-11
89,ELE-LAP-0089,Laptop_Product_89,Electronics,Laptop,Brand_2,2022-03-31,93164,18,ACTIVE,2025-02-07
90,ELE-LAP-0090,Laptop_Product_90,Electronics,Laptop,Brand_34,2025-08-26,90252,18,DISCONTINUED,2025-02-09
91,ELE-LAP-0091,Laptop_Product_91,Electronics,Laptop,Brand_22,2025-06-16,98969,12,ACTIVE,2024-10-27
92,ELE-LAP-0092,Laptop_Product_92,Electronics,Laptop,Brand_18,2024-03-29,53165,28,ACTIVE,2025-03-29
93,ELE-LAP-0093,Laptop_Product_93,Electronics,Laptop,Brand_9,2022-06-16,51710,28,DISCONTINUED,2024-02-29
94,ELE-LAP-0094,Laptop_Product_94,Electronics,Laptop,Brand_19,2025-04-08,34613,5,ACTIVE,2024-01-07
95,ELE-LAP-0095,Laptop_Product_95,Electronics,Laptop,Brand_36,2021-03-08,71302,5,ACTIVE,2025-03-22
96,ELE-LAP-0096,Laptop_Product_96,Electronics,Laptop,Brand_34,2022-05-13,65776,12,ACTIVE,2026-05-10
97,ELE-LAP-0097,Laptop_Product_97,Electronics,Laptop,Brand_9,2025-12-25,89016,18,ACTIVE,2024-11-09
98,ELE-LAP-0098,Laptop_Product_98,Electronics,Laptop,Brand_14,2022-10-08,47943,5,ACTIVE,2024-01-19
99,ELE-LAP-0099,Laptop_Product_99,Electronics,Laptop,Brand_9,2024-06-09,79752,18,ACTIVE,2025-03-27
100,ELE-LAP-0100,Laptop_Product_100,Electronics,Laptop,Brand_24,2021-06-26,90531,28,ACTIVE,2025-07-28
101,ELE-TV-0101,TV_Product_101,Electronics,TV,Brand_19,2020-07-29,28546,5,ACTIVE,2024-07-20
102,ELE-TV-0102,TV_Product_102,Electronics,TV,Brand_26,2025-04-08,68682,5,ACTIVE,2024-11-18
103,ELE-TV-0103,TV_Product_103,Electronics,TV,Brand_10,2022-12-07,84972,5,ACTIVE,2024-12-12
104,ELE-TV-0104,TV_Product_104,Electronics,TV,Brand_16,2025-06-19,50624,18,ACTIVE,2025-09-16
105,ELE-TV-0105,TV_Product_105,Electronics,TV,Brand_33,2022-07-31,99172,12,ACTIVE,2024-08-02
106,ELE-TV-0106,TV_Product_106,Electronics,TV,Brand_40,2024-01-05,31600,18,ACTIVE,2026-01-28
107,ELE-TV-0107,TV_Product_107,Electronics,TV,Brand_26,2020-06-20,68508,18,ACTIVE,2024-07-04
108,ELE-TV-0108,TV_Product_108,Electronics,TV,Brand_39,2025-03-31,31129,18,DISCONTINUED,2026-06-04
109,ELE-TV-0109,TV_Product_109,Electronics,TV,Brand_2,2021-01-15,11121,18,DISCONTINUED,2026-04-09
110,ELE-TV-0110,TV_Product_110,Electronics,TV,Brand_39,2025-06-25,94446,18,ACTIVE,2024-12-02
111,ELE-TV-0111,TV_Product_111,Electronics,TV,Brand_18,2025-06-27,26537,28,ACTIVE,2024-02-07
112,ELE-TV-0112,TV_Product_112,Electronics,TV,Brand_18,2020-06-12,75587,28,ACTIVE,2025-06-30
113,ELE-TV-0113,TV_Product_113,Electronics,TV,Brand_5,2023-06-23,47888,28,ACTIVE,2025-08-11
114,ELE-TV-0114,TV_Product_114,Electronics,TV,Brand_31,2025-01-20,30641,28,ACTIVE,2026-03-09
115,ELE-TV-0115,TV_Product_115,Electronics,TV,Brand_3,2022-04-01,90168,18,ACTIVE,2024-12-17
116,ELE-TV-0116,TV_Product_116,Electronics,TV,Brand_31,2022-04-22,52720,5,ACTIVE,2025-06-15
117,ELE-TV-0117,TV_Product_117,Electronics,TV,Brand_2,2023-04-16,14453,28,ACTIVE,2025-03-15
118,ELE-TV-0118,TV_Product_118,Electronics,TV,Brand_40,2023-02-12,28225,5,ACTIVE,2026-05-26
119,ELE-TV-0119,TV_Product_119,Electronics,TV,Brand_11,2021-03-02,89845,28,DISCONTINUED,2025-04-09
120,ELE-TV-0120,TV_Product_120,Electronics,TV,Brand_5,2024-10-04,75620,5,ACTIVE,2024-11-23
121,ELE-TV-0121,TV_Product_121,Electronics,TV,Brand_33,2025-03-09,23829,12,ACTIVE,2024-09-10
122,ELE-TV-0122,TV_Product_122,Electronics,TV,Brand_20,2020-10-14,15660,5,ACTIVE,2025-07-04
123,ELE-TV-0123,TV_Product_123,Electronics,TV,Brand_22,2024-12-05,72967,28,ACTIVE,2024-04-23
124,ELE-TV-0124,TV_Product_124,Electronics,TV,Brand_10,2024-04-26,43051,28,DISCONTINUED,2024-06-12
125,ELE-TV-0125,TV_Product_125,Electronics,TV,Brand_36,2020-09-30,72612,12,DISCONTINUED,2026-05-10
126,ELE-TV-0126,TV_Product_126,Electronics,TV,Brand_8,2021-11-11,64396,18,DISCONTINUED,2024-06-17
127,ELE-TV-0127,TV_Product_127,Electronics,TV,Brand_17,2020-09-19,81957,28,ACTIVE,2025-10-15
128,ELE-TV-0128,TV_Product_128,Electronics,TV,Brand_34,2023-04-11,13196,18,DISCONTINUED,2025-07-27
129,ELE-TV-0129,TV_Product_129,Electronics,TV,Brand_22,2024-02-15,25436,28,DISCONTINUED,2024-08-20
130,ELE-TV-0130,TV_Product_130,Electronics,TV,Brand_4,2023-02-13,28215,28,ACTIVE,2024-07-27
131,ELE-TV-0131,TV_Product_131,Electronics,TV,Brand_8,2025-12-09,42156,18,DISCONTINUED,2025-02-17
132,ELE-TV-0132,TV_Product_132,Electronics,TV,Brand_32,2020-03-30,64725,5,ACTIVE,2026-02-08
133,ELE-TV-0133,TV_Product_133,Electronics,TV,Brand_40,2022-11-12,33558,5,ACTIVE,2026-02-06
134,ELE-TV-0134,TV_Product_134,Electronics,TV,Brand_20,2020-01-10,726,5,DISCONTINUED,2026-01-21
135,ELE-TV-0135,TV_Product_135,Electronics,TV,Brand_18,2020-05-28,58369,18,ACTIVE,2024-02-16
136,ELE-TV-0136,TV_Product_136,Electronics,TV,Brand_10,2022-09-03,16226,5,DISCONTINUED,2025-03-08
137,ELE-TV-0137,TV_Product_137,Electronics,TV,Brand_20,2020-06-14,58365,28,ACTIVE,2025-08-21
138,ELE-TV-0138,TV_Product_138,Electronics,TV,Brand_27,2025-11-16,97169,12,ACTIVE,2026-01-20
139,ELE-TV-0139,TV_Product_139,Electronics,TV,Brand_36,2025-08-23,86833,18,DISCONTINUED,2026-03-22
140,ELE-TV-0140,TV_Product_140,Electronics,TV,Brand_20,2021-09-22,59534,12,DISCONTINUED,2024-09-30
141,ELE-TV-0141,TV_Product_141,Electronics,TV,Brand_17,2025-06-11,75561,12,ACTIVE,2024-04-27
142,ELE-TV-0142,TV_Product_142,Electronics,TV,Brand_39,2025-05-21,90494,12,ACTIVE,2025-02-21
143,ELE-TV-0143,TV_Product_143,Electronics,TV,Brand_21,2023-02-03,58473,18,DISCONTINUED,2026-05-05
144,ELE-TV-0144,TV_Product_144,Electronics,TV,Brand_30,2022-09-23,87502,28,ACTIVE,2024-03-02
145,ELE-TV-0145,TV_Product_145,Electronics,TV,Brand_21,2022-02-07,77035,12,ACTIVE,2025-10-25
146,ELE-TV-0146,TV_Product_146,Electronics,TV,Brand_38,2020-08-13,56482,28,ACTIVE,2024-05-03
147,ELE-TV-0147,TV_Product_147,Electronics,TV,Brand_36,2023-08-19,25664,28,ACTIVE,2026-02-25
148,ELE-TV-0148,TV_Product_148,Electronics,TV,Brand_7,2025-05-01,38042,12,DISCONTINUED,2024-01-21
149,ELE-TV-0149,TV_Product_149,Electronics,TV,Brand_17,2020-09-07,20783,18,ACTIVE,2026-03-23
150,ELE-TV-0150,TV_Product_150,Electronics,TV,Brand_4,2020-07-10,38571,5,ACTIVE,2024-04-11
151,FAS-MEN-0151,Men_Product_151,Fashion,Men,Brand_27,2024-06-13,64876,28,ACTIVE,2024-05-31
152,FAS-MEN-0152,Men_Product_152,Fashion,Men,Brand_31,2020-01-03,57485,5,ACTIVE,2025-04-03
153,FAS-MEN-0153,Men_Product_153,Fashion,Men,Brand_37,2025-04-03,13546,28,ACTIVE,2024-08-06
154,FAS-MEN-0154,Men_Product_154,Fashion,Men,Brand_21,2020-02-07,53896,18,ACTIVE,2025-12-14
155,FAS-MEN-0155,Men_Product_155,Fashion,Men,Brand_30,2021-10-06,74741,5,DISCONTINUED,2024-10-28
156,FAS-MEN-0156,Men_Product_156,Fashion,Men,Brand_14,2025-09-27,71895,5,ACTIVE,2026-01-06
157,FAS-MEN-0157,Men_Product_157,Fashion,Men,Brand_27,2025-03-06,52219,12,ACTIVE,2026-05-18
158,FAS-MEN-0158,Men_Product_158,Fashion,Men,Brand_29,2020-05-21,18952,18,ACTIVE,2024-09-09
159,FAS-MEN-0159,Men_Product_159,Fashion,Men,Brand_5,2024-06-11,84031,12,DISCONTINUED,2024-03-09
160,FAS-MEN-0160,Men_Product_160,Fashion,Men,Brand_21,2025-09-21,40598,28,ACTIVE,2025-05-09
161,FAS-MEN-0161,Men_Product_161,Fashion,Men,Brand_9,2023-10-06,54959,5,ACTIVE,2025-01-28
162,FAS-MEN-0162,Men_Product_162,Fashion,Men,Brand_30,2025-09-29,20753,5,DISCONTINUED,2024-07-28
163,FAS-MEN-0163,Men_Product_163,Fashion,Men,Brand_28,2020-03-28,51320,5,ACTIVE,2025-12-28
164,FAS-MEN-0164,Men_Product_164,Fashion,Men,Brand_23,2020-05-14,87016,12,ACTIVE,2024-03-07
165,FAS-MEN-0165,Men_Product_165,Fashion,Men,Brand_16,2022-11-20,3968,28,ACTIVE,2024-04-05
166,FAS-MEN-0166,Men_Product_166,Fashion,Men,Brand_9,2021-09-25,88182,5,DISCONTINUED,2025-03-18
167,FAS-MEN-0167,Men_Product_167,Fashion,Men,Brand_25,2024-12-03,57172,28,ACTIVE,2024-10-20
168,FAS-MEN-0168,Men_Product_168,Fashion,Men,Brand_1,2023-08-21,30811,12,ACTIVE,2024-06-09
169,FAS-MEN-0169,Men_Product_169,Fashion,Men,Brand_8,2024-08-14,74181,18,ACTIVE,2024-12-08
170,FAS-MEN-0170,Men_Product_170,Fashion,Men,Brand_15,2021-11-13,65711,28,ACTIVE,2025-04-22
171,FAS-MEN-0171,Men_Product_171,Fashion,Men,Brand_36,2020-02-19,48032,5,ACTIVE,2025-06-15
172,FAS-MEN-0172,Men_Product_172,Fashion,Men,Brand_3,2023-09-25,59486,12,ACTIVE,2024-04-28
173,FAS-MEN-0173,Men_Product_173,Fashion,Men,Brand_15,2024-03-28,58241,28,ACTIVE,2024-12-31
174,FAS-MEN-0174,Men_Product_174,Fashion,Men,Brand_22,2024-03-04,17582,28,ACTIVE,2024-11-18
175,FAS-MEN-0175,Men_Product_175,Fashion,Men,Brand_8,2020-05-03,57832,5,DISCONTINUED,2024-12-22
176,FAS-MEN-0176,Men_Product_176,Fashion,Men,Brand_24,2025-07-31,1200,18,ACTIVE,2025-09-29
177,FAS-MEN-0177,Men_Product_177,Fashion,Men,Brand_24,2020-05-27,73779,28,DISCONTINUED,2025-05-19
178,FAS-MEN-0178,Men_Product_178,Fashion,Men,Brand_18,2023-03-30,12238,12,ACTIVE,2024-12-17
179,FAS-MEN-0179,Men_Product_179,Fashion,Men,Brand_38,2024-11-12,86057,12,ACTIVE,2025-07-28
180,FAS-MEN-0180,Men_Product_180,Fashion,Men,Brand_26,2021-09-08,52419,12,ACTIVE,2025-03-17
181,FAS-MEN-0181,Men_Product_181,Fashion,Men,Brand_2,2020-05-23,50284,12,ACTIVE,2025-11-12
182,FAS-MEN-0182,Men_Product_182,Fashion,Men,Brand_23,2020-09-14,48099,5,ACTIVE,2026-03-30
183,FAS-MEN-0183,Men_Product_183,Fashion,Men,Brand_38,2025-01-03,91167,18,ACTIVE,2026-06-05
184,FAS-MEN-0184,Men_Product_184,Fashion,Men,Brand_38,2022-04-02,62309,18,DISCONTINUED,2024-12-08
185,FAS-MEN-0185,Men_Product_185,Fashion,Men,Brand_14,2020-10-01,22730,28,ACTIVE,2024-09-30
186,FAS-MEN-0186,Men_Product_186,Fashion,Men,Brand_17,2023-10-01,69562,5,DISCONTINUED,2024-03-08
187,FAS-MEN-0187,Men_Product_187,Fashion,Men,Brand_40,2025-07-10,55557,12,ACTIVE,2024-07-21
188,FAS-MEN-0188,Men_Product_188,Fashion,Men,Brand_18,2024-09-03,11788,28,ACTIVE,2025-11-30
189,FAS-MEN-0189,Men_Product_189,Fashion,Men,Brand_25,2020-11-11,42022,12,DISCONTINUED,2026-04-03
190,FAS-MEN-0190,Men_Product_190,Fashion,Men,Brand_28,2023-10-05,32640,12,ACTIVE,2024-05-10
191,FAS-MEN-0191,Men_Product_191,Fashion,Men,Brand_17,2025-01-15,5228,5,ACTIVE,2024-04-19
192,FAS-MEN-0192,Men_Product_192,Fashion,Men,Brand_18,2025-12-02,90669,5,ACTIVE,2025-08-19
193,FAS-MEN-0193,Men_Product_193,Fashion,Men,Brand_29,2020-10-23,80764,18,ACTIVE,2026-03-03
194,FAS-MEN-0194,Men_Product_194,Fashion,Men,Brand_36,2022-10-25,32377,28,ACTIVE,2025-07-21
195,FAS-MEN-0195,Men_Product_195,Fashion,Men,Brand_8,2021-07-10,52771,5,ACTIVE,2026-02-11
196,FAS-MEN-0196,Men_Product_196,Fashion,Men,Brand_39,2022-10-19,1186,5,DISCONTINUED,2026-05-22
197,FAS-MEN-0197,Men_Product_197,Fashion,Men,Brand_2,2023-08-18,67600,5,ACTIVE,2026-05-23
198,FAS-MEN-0198,Men_Product_198,Fashion,Men,Brand_33,2020-06-20,71731,5,ACTIVE,2024-01-17
199,FAS-MEN-0199,Men_Product_199,Fashion,Men,Brand_13,2022-06-06,37143,5,ACTIVE,2024-02-04
200,FAS-MEN-0200,Men_Product_200,Fashion,Men,Brand_36,2021-04-05,91179,5,ACTIVE,2025-01-20
201,FAS-WOM-0201,Women_Product_201,Fashion,Women,Brand_15,2023-10-29,84192,28,DISCONTINUED,2025-08-27
202,FAS-WOM-0202,Women_Product_202,Fashion,Women,Brand_3,2022-01-25,13949,12,ACTIVE,2024-04-09
203,FAS-WOM-0203,Women_Product_203,Fashion,Women,Brand_27,2024-08-26,74600,18,ACTIVE,2024-01-23
204,FAS-WOM-0204,Women_Product_204,Fashion,Women,Brand_9,2020-11-03,21171,18,ACTIVE,2025-04-03
205,FAS-WOM-0205,Women_Product_205,Fashion,Women,Brand_28,2022-11-23,18998,5,ACTIVE,2025-12-23
206,FAS-WOM-0206,Women_Product_206,Fashion,Women,Brand_23,2025-11-15,25022,28,ACTIVE,2024-02-22
207,FAS-WOM-0207,Women_Product_207,Fashion,Women,Brand_30,2022-12-31,81612,18,DISCONTINUED,2025-12-07
208,FAS-WOM-0208,Women_Product_208,Fashion,Women,Brand_21,2020-11-02,22665,28,ACTIVE,2026-06-01
209,FAS-WOM-0209,Women_Product_209,Fashion,Women,Brand_38,2021-08-31,163,12,ACTIVE,2024-03-21
210,FAS-WOM-0210,Women_Product_210,Fashion,Women,Brand_17,2024-11-07,48523,28,DISCONTINUED,2024-12-28
211,FAS-WOM-0211,Women_Product_211,Fashion,Women,Brand_32,2021-05-06,99585,28,ACTIVE,2024-12-28
212,FAS-WOM-0212,Women_Product_212,Fashion,Women,Brand_32,2025-09-29,82900,5,ACTIVE,2024-01-24
213,FAS-WOM-0213,Women_Product_213,Fashion,Women,Brand_19,2023-11-15,7615,18,ACTIVE,2025-05-28
214,FAS-WOM-0214,Women_Product_214,Fashion,Women,Brand_37,2024-06-10,38202,5,ACTIVE,2024-10-04
215,FAS-WOM-0215,Women_Product_215,Fashion,Women,Brand_23,2020-06-10,69353,28,ACTIVE,2026-06-15
216,FAS-WOM-0216,Women_Product_216,Fashion,Women,Brand_37,2023-08-15,25007,12,ACTIVE,2026-05-17
217,FAS-WOM-0217,Women_Product_217,Fashion,Women,Brand_15,2020-04-04,61935,12,ACTIVE,2026-01-14
218,FAS-WOM-0218,Women_Product_218,Fashion,Women,Brand_36,2025-06-26,50634,18,ACTIVE,2024-07-09
219,FAS-WOM-0219,Women_Product_219,Fashion,Women,Brand_27,2021-02-08,28617,18,ACTIVE,2025-05-16
220,FAS-WOM-0220,Women_Product_220,Fashion,Women,Brand_17,2023-08-06,71414,28,ACTIVE,2025-05-31
221,FAS-WOM-0221,Women_Product_221,Fashion,Women,Brand_1,2023-08-15,66160,12,DISCONTINUED,2024-09-08
222,FAS-WOM-0222,Women_Product_222,Fashion,Women,Brand_20,2020-05-28,68005,12,ACTIVE,2024-10-04
223,FAS-WOM-0223,Women_Product_223,Fashion,Women,Brand_18,2021-07-30,88616,28,DISCONTINUED,2025-06-27
224,FAS-WOM-0224,Women_Product_224,Fashion,Women,Brand_23,2025-09-19,16481,12,ACTIVE,2025-03-19
225,FAS-WOM-0225,Women_Product_225,Fashion,Women,Brand_40,2024-04-18,48975,28,DISCONTINUED,2024-07-19
226,FAS-WOM-0226,Women_Product_226,Fashion,Women,Brand_12,2024-02-26,87171,28,ACTIVE,2025-04-14
227,FAS-WOM-0227,Women_Product_227,Fashion,Women,Brand_28,2021-10-30,18300,12,ACTIVE,2025-07-05
228,FAS-WOM-0228,Women_Product_228,Fashion,Women,Brand_16,2020-12-05,22908,28,ACTIVE,2024-08-24
229,FAS-WOM-0229,Women_Product_229,Fashion,Women,Brand_17,2021-05-17,69885,12,DISCONTINUED,2026-01-27
230,FAS-WOM-0230,Women_Product_230,Fashion,Women,Brand_39,2023-11-11,44561,28,DISCONTINUED,2026-04-20
231,FAS-WOM-0231,Women_Product_231,Fashion,Women,Brand_3,2021-10-21,17690,5,ACTIVE,2026-05-31
232,FAS-WOM-0232,Women_Product_232,Fashion,Women,Brand_30,2025-07-29,10673,5,ACTIVE,2024-05-13
233,FAS-WOM-0233,Women_Product_233,Fashion,Women,Brand_37,2023-04-28,47660,5,ACTIVE,2026-02-05
234,FAS-WOM-0234,Women_Product_234,Fashion,Women,Brand_25,2023-03-18,35156,28,ACTIVE,2026-03-06
235,FAS-WOM-0235,Women_Product_235,Fashion,Women,Brand_24,2022-05-24,36482,5,DISCONTINUED,2024-10-15
236,FAS-WOM-0236,Women_Product_236,Fashion,Women,Brand_16,2020-10-26,4117,12,ACTIVE,2024-09-01
237,FAS-WOM-0237,Women_Product_237,Fashion,Women,Brand_8,2025-12-05,56616,28,ACTIVE,2026-05-27
238,FAS-WOM-0238,Women_Product_238,Fashion,Women,Brand_37,2020-07-23,55746,28,DISCONTINUED,2025-05-13
239,FAS-WOM-0239,Women_Product_239,Fashion,Women,Brand_17,2025-04-11,63285,12,ACTIVE,2025-12-30
240,FAS-WOM-0240,Women_Product_240,Fashion,Women,Brand_7,2020-11-21,86852,5,ACTIVE,2024-01-02
241,FAS-WOM-0241,Women_Product_241,Fashion,Women,Brand_36,2022-08-01,66854,18,ACTIVE,2026-01-29
242,FAS-WOM-0242,Women_Product_242,Fashion,Women,Brand_30,2021-12-11,51779,5,ACTIVE,2025-10-19
243,FAS-WOM-0243,Women_Product_243,Fashion,Women,Brand_35,2025-01-04,61543,28,DISCONTINUED,2026-02-10
244,FAS-WOM-0244,Women_Product_244,Fashion,Women,Brand_23,2022-06-27,24792,18,ACTIVE,2024-05-16
245,FAS-WOM-0245,Women_Product_245,Fashion,Women,Brand_21,2022-05-17,77625,12,DISCONTINUED,2024-05-12
246,FAS-WOM-0246,Women_Product_246,Fashion,Women,Brand_9,2022-12-16,16896,18,ACTIVE,2025-05-03
247,FAS-WOM-0247,Women_Product_247,Fashion,Women,Brand_29,2022-01-13,59867,28,ACTIVE,2025-01-05
248,FAS-WOM-0248,Women_Product_248,Fashion,Women,Brand_29,2023-10-20,6378,12,ACTIVE,2025-11-05
249,FAS-WOM-0249,Women_Product_249,Fashion,Women,Brand_34,2025-11-22,45224,12,ACTIVE,2024-04-12
250,FAS-WOM-0250,Women_Product_250,Fashion,Women,Brand_19,2025-11-25,40602,28,ACTIVE,2024-08-20
251,FAS-KID-0251,Kids_Product_251,Fashion,Kids,Brand_25,2022-02-15,69731,12,DISCONTINUED,2026-04-26
252,FAS-KID-0252,Kids_Product_252,Fashion,Kids,Brand_26,2025-12-28,64218,18,ACTIVE,2026-04-10
253,FAS-KID-0253,Kids_Product_253,Fashion,Kids,Brand_2,2023-03-14,60671,18,DISCONTINUED,2025-10-02
254,FAS-KID-0254,Kids_Product_254,Fashion,Kids,Brand_38,2022-10-07,48400,18,ACTIVE,2026-02-09
255,FAS-KID-0255,Kids_Product_255,Fashion,Kids,Brand_31,2020-08-17,50342,12,DISCONTINUED,2025-08-26
256,FAS-KID-0256,Kids_Product_256,Fashion,Kids,Brand_12,2025-11-25,44708,12,ACTIVE,2025-10-22
257,FAS-KID-0257,Kids_Product_257,Fashion,Kids,Brand_4,2021-09-07,41680,18,ACTIVE,2024-03-24
258,FAS-KID-0258,Kids_Product_258,Fashion,Kids,Brand_27,2025-04-26,77701,18,ACTIVE,2026-02-03
259,FAS-KID-0259,Kids_Product_259,Fashion,Kids,Brand_29,2025-01-26,68957,5,DISCONTINUED,2026-02-18
260,FAS-KID-0260,Kids_Product_260,Fashion,Kids,Brand_37,2025-10-17,57053,12,DISCONTINUED,2025-02-28
261,FAS-KID-0261,Kids_Product_261,Fashion,Kids,Brand_6,2022-07-09,75360,18,DISCONTINUED,2026-01-05
262,FAS-KID-0262,Kids_Product_262,Fashion,Kids,Brand_19,2023-09-05,76878,12,DISCONTINUED,2024-03-07
263,FAS-KID-0263,Kids_Product_263,Fashion,Kids,Brand_8,2023-10-05,98184,28,ACTIVE,2024-08-23
264,FAS-KID-0264,Kids_Product_264,Fashion,Kids,Brand_22,2020-07-30,11553,18,ACTIVE,2024-08-06
265,FAS-KID-0265,Kids_Product_265,Fashion,Kids,Brand_32,2025-06-19,74935,28,ACTIVE,2025-02-14
266,FAS-KID-0266,Kids_Product_266,Fashion,Kids,Brand_13,2025-08-31,76569,28,ACTIVE,2024-10-26
267,FAS-KID-0267,Kids_Product_267,Fashion,Kids,Brand_37,2025-07-14,89093,28,DISCONTINUED,2024-03-28
268,FAS-KID-0268,Kids_Product_268,Fashion,Kids,Brand_31,2021-09-21,17813,5,ACTIVE,2025-07-17
269,FAS-KID-0269,Kids_Product_269,Fashion,Kids,Brand_8,2020-04-05,4052,5,DISCONTINUED,2024-09-18
270,FAS-KID-0270,Kids_Product_270,Fashion,Kids,Brand_12,2025-08-28,53551,28,DISCONTINUED,2024-02-29
271,FAS-KID-0271,Kids_Product_271,Fashion,Kids,Brand_26,2022-01-16,42008,5,ACTIVE,2025-05-15
272,FAS-KID-0272,Kids_Product_272,Fashion,Kids,Brand_21,2023-10-25,14213,18,DISCONTINUED,2026-02-24
273,FAS-KID-0273,Kids_Product_273,Fashion,Kids,Brand_3,2024-06-16,58466,5,DISCONTINUED,2025-12-15
274,FAS-KID-0274,Kids_Product_274,Fashion,Kids,Brand_1,2025-09-25,1138,5,DISCONTINUED,2024-09-28
275,FAS-KID-0275,Kids_Product_275,Fashion,Kids,Brand_23,2025-10-09,91147,28,ACTIVE,2024-10-06
276,FAS-KID-0276,Kids_Product_276,Fashion,Kids,Brand_11,2021-12-15,63508,18,DISCONTINUED,2025-12-09
277,FAS-KID-0277,Kids_Product_277,Fashion,Kids,Brand_38,2024-06-02,55614,18,DISCONTINUED,2025-11-06
278,FAS-KID-0278,Kids_Product_278,Fashion,Kids,Brand_9,2023-05-03,67769,12,ACTIVE,2024-12-19
279,FAS-KID-0279,Kids_Product_279,Fashion,Kids,Brand_8,2025-02-13,16391,28,ACTIVE,2026-01-30
280,FAS-KID-0280,Kids_Product_280,Fashion,Kids,Brand_22,2020-09-18,23698,12,ACTIVE,2024-07-29
281,FAS-KID-0281,Kids_Product_281,Fashion,Kids,Brand_16,2023-09-03,30510,28,ACTIVE,2025-01-17
282,FAS-KID-0282,Kids_Product_282,Fashion,Kids,Brand_29,2025-06-05,65335,28,ACTIVE,2024-09-13
283,FAS-KID-0283,Kids_Product_283,Fashion,Kids,Brand_9,2024-05-08,43983,28,ACTIVE,2024-02-19
284,FAS-KID-0284,Kids_Product_284,Fashion,Kids,Brand_14,2020-10-12,1289,18,DISCONTINUED,2025-10-24
285,FAS-KID-0285,Kids_Product_285,Fashion,Kids,Brand_38,2024-11-27,78646,5,ACTIVE,2024-01-02
286,FAS-KID-0286,Kids_Product_286,Fashion,Kids,Brand_31,2025-05-09,9932,12,DISCONTINUED,2024-01-31
287,FAS-KID-0287,Kids_Product_287,Fashion,Kids,Brand_27,2020-12-15,86654,5,ACTIVE,2026-05-12
288,FAS-KID-0288,Kids_Product_288,Fashion,Kids,Brand_17,2024-06-03,51616,28,DISCONTINUED,2026-02-20
289,FAS-KID-0289,Kids_Product_289,Fashion,Kids,Brand_32,2023-01-23,62302,12,DISCONTINUED,2024-04-02
290,FAS-KID-0290,Kids_Product_290,Fashion,Kids,Brand_30,2021-05-05,98495,12,ACTIVE,2026-02-25
291,FAS-KID-0291,Kids_Product_291,Fashion,Kids,Brand_15,2024-02-17,51224,28,DISCONTINUED,2025-11-03
292,FAS-KID-0292,Kids_Product_292,Fashion,Kids,Brand_16,2020-07-25,28676,12,ACTIVE,2026-02-14
293,FAS-KID-0293,Kids_Product_293,Fashion,Kids,Brand_13,2024-05-03,75180,18,DISCONTINUED,2024-05-27
294,FAS-KID-0294,Kids_Product_294,Fashion,Kids,Brand_24,2023-08-27,69832,28,DISCONTINUED,2026-01-23
295,FAS-KID-0295,Kids_Product_295,Fashion,Kids,Brand_25,2025-06-28,27216,18,DISCONTINUED,2024-01-11
296,FAS-KID-0296,Kids_Product_296,Fashion,Kids,Brand_31,2021-01-18,97895,5,DISCONTINUED,2025-05-26
297,FAS-KID-0297,Kids_Product_297,Fashion,Kids,Brand_12,2025-11-10,90352,12,DISCONTINUED,2025-09-01
298,FAS-KID-0298,Kids_Product_298,Fashion,Kids,Brand_20,2025-03-04,50694,18,DISCONTINUED,2025-03-01
299,FAS-KID-0299,Kids_Product_299,Fashion,Kids,Brand_5,2022-01-21,89211,28,ACTIVE,2024-09-23
300,FAS-KID-0300,Kids_Product_300,Fashion,Kids,Brand_40,2022-04-18,86117,28,DISCONTINUED,2024-08-30
301,HOM-APP-0301,Appliance_Product_301,Home,Appliance,Brand_7,2024-06-05,23175,28,ACTIVE,2025-02-07
302,HOM-APP-0302,Appliance_Product_302,Home,Appliance,Brand_20,2022-11-13,29324,5,DISCONTINUED,2024-11-22
303,HOM-APP-0303,Appliance_Product_303,Home,Appliance,Brand_5,2023-10-11,51643,28,ACTIVE,2024-01-17
304,HOM-APP-0304,Appliance_Product_304,Home,Appliance,Brand_4,2024-06-01,26426,28,ACTIVE,2025-12-29
305,HOM-APP-0305,Appliance_Product_305,Home,Appliance,Brand_8,2020-08-08,47115,5,ACTIVE,2024-09-22
306,HOM-APP-0306,Appliance_Product_306,Home,Appliance,Brand_4,2024-12-29,67001,28,DISCONTINUED,2026-04-09
307,HOM-APP-0307,Appliance_Product_307,Home,Appliance,Brand_4,2023-05-15,65823,5,ACTIVE,2024-07-28
308,HOM-APP-0308,Appliance_Product_308,Home,Appliance,Brand_24,2022-03-11,90254,28,DISCONTINUED,2025-10-08
309,HOM-APP-0309,Appliance_Product_309,Home,Appliance,Brand_16,2024-08-29,47926,12,ACTIVE,2025-10-05
310,HOM-APP-0310,Appliance_Product_310,Home,Appliance,Brand_11,2023-07-22,76219,28,ACTIVE,2025-04-16
311,HOM-APP-0311,Appliance_Product_311,Home,Appliance,Brand_31,2020-09-07,43961,18,ACTIVE,2025-06-13
312,HOM-APP-0312,Appliance_Product_312,Home,Appliance,Brand_38,2020-05-31,62254,5,ACTIVE,2025-12-11
313,HOM-APP-0313,Appliance_Product_313,Home,Appliance,Brand_38,2024-04-22,79920,5,ACTIVE,2024-10-26
314,HOM-APP-0314,Appliance_Product_314,Home,Appliance,Brand_36,2022-01-19,62786,5,ACTIVE,2025-11-03
315,HOM-APP-0315,Appliance_Product_315,Home,Appliance,Brand_9,2022-10-09,28528,5,ACTIVE,2024-05-11
316,HOM-APP-0316,Appliance_Product_316,Home,Appliance,Brand_26,2025-09-17,75063,12,ACTIVE,2026-04-14
317,HOM-APP-0317,Appliance_Product_317,Home,Appliance,Brand_17,2024-09-19,2683,12,ACTIVE,2024-09-12
318,HOM-APP-0318,Appliance_Product_318,Home,Appliance,Brand_28,2026-01-03,37734,5,ACTIVE,2025-05-26
319,HOM-APP-0319,Appliance_Product_319,Home,Appliance,Brand_31,2020-12-08,90957,12,DISCONTINUED,2025-09-14
320,HOM-APP-0320,Appliance_Product_320,Home,Appliance,Brand_5,2025-11-25,34953,12,DISCONTINUED,2025-10-02
321,HOM-APP-0321,Appliance_Product_321,Home,Appliance,Brand_24,2020-09-15,94790,18,ACTIVE,2026-02-09
322,HOM-APP-0322,Appliance_Product_322,Home,Appliance,Brand_6,2025-04-21,57212,18,ACTIVE,2025-07-25
323,HOM-APP-0323,Appliance_Product_323,Home,Appliance,Brand_39,2021-10-03,20434,12,DISCONTINUED,2025-01-12
324,HOM-APP-0324,Appliance_Product_324,Home,Appliance,Brand_24,2021-06-15,90644,18,DISCONTINUED,2025-05-17
325,HOM-APP-0325,Appliance_Product_325,Home,Appliance,Brand_2,2024-11-25,25653,5,DISCONTINUED,2024-06-03
326,HOM-APP-0326,Appliance_Product_326,Home,Appliance,Brand_10,2021-12-27,79838,12,ACTIVE,2024-12-31
327,HOM-APP-0327,Appliance_Product_327,Home,Appliance,Brand_10,2024-12-02,69195,28,ACTIVE,2025-01-18
328,HOM-APP-0328,Appliance_Product_328,Home,Appliance,Brand_13,2023-12-07,78563,28,ACTIVE,2025-05-11
329,HOM-APP-0329,Appliance_Product_329,Home,Appliance,Brand_11,2024-08-08,69076,18,DISCONTINUED,2025-05-25
330,HOM-APP-0330,Appliance_Product_330,Home,Appliance,Brand_18,2024-08-16,36404,18,ACTIVE,2024-02-04
331,HOM-APP-0331,Appliance_Product_331,Home,Appliance,Brand_30,2021-09-10,68247,12,ACTIVE,2026-02-15
332,HOM-APP-0332,Appliance_Product_332,Home,Appliance,Brand_1,2021-05-18,72271,18,DISCONTINUED,2025-12-01
333,HOM-APP-0333,Appliance_Product_333,Home,Appliance,Brand_4,2025-11-25,71708,5,DISCONTINUED,2025-05-06
334,HOM-APP-0334,Appliance_Product_334,Home,Appliance,Brand_21,2024-07-09,97097,18,ACTIVE,2026-02-07
335,HOM-APP-0335,Appliance_Product_335,Home,Appliance,Brand_2,2023-10-18,71263,5,DISCONTINUED,2024-01-13
336,HOM-APP-0336,Appliance_Product_336,Home,Appliance,Brand_21,2025-12-09,1481,5,ACTIVE,2025-07-29
337,HOM-APP-0337,Appliance_Product_337,Home,Appliance,Brand_36,2024-09-18,63864,28,ACTIVE,2024-09-16
338,HOM-APP-0338,Appliance_Product_338,Home,Appliance,Brand_32,2024-11-17,10504,12,ACTIVE,2025-06-28
339,HOM-APP-0339,Appliance_Product_339,Home,Appliance,Brand_36,2024-10-14,49504,12,ACTIVE,2026-03-15
340,HOM-APP-0340,Appliance_Product_340,Home,Appliance,Brand_19,2024-05-10,43418,12,ACTIVE,2024-08-27
341,HOM-APP-0341,Appliance_Product_341,Home,Appliance,Brand_20,2024-12-24,58123,18,DISCONTINUED,2025-08-10
342,HOM-APP-0342,Appliance_Product_342,Home,Appliance,Brand_27,2022-07-26,26135,28,DISCONTINUED,2026-05-31
343,HOM-APP-0343,Appliance_Product_343,Home,Appliance,Brand_10,2021-10-01,90853,28,ACTIVE,2025-05-29
344,HOM-APP-0344,Appliance_Product_344,Home,Appliance,Brand_8,2020-10-31,45310,5,ACTIVE,2024-08-11
345,HOM-APP-0345,Appliance_Product_345,Home,Appliance,Brand_32,2023-04-03,27197,28,ACTIVE,2024-10-22
346,HOM-APP-0346,Appliance_Product_346,Home,Appliance,Brand_21,2020-07-24,42453,12,ACTIVE,2025-09-06
347,HOM-APP-0347,Appliance_Product_347,Home,Appliance,Brand_19,2020-02-05,41976,5,ACTIVE,2025-04-29
348,HOM-APP-0348,Appliance_Product_348,Home,Appliance,Brand_9,2024-09-02,3563,28,DISCONTINUED,2025-07-31
349,HOM-APP-0349,Appliance_Product_349,Home,Appliance,Brand_28,2021-11-02,78110,5,ACTIVE,2024-12-29
350,HOM-APP-0350,Appliance_Product_350,Home,Appliance,Brand_38,2025-06-16,59199,12,ACTIVE,2025-01-21
351,HOM-FUR-0351,Furniture_Product_351,Home,Furniture,Brand_2,2025-12-21,98544,18,DISCONTINUED,2024-04-27
352,HOM-FUR-0352,Furniture_Product_352,Home,Furniture,Brand_39,2021-01-16,57651,18,ACTIVE,2026-01-07
353,HOM-FUR-0353,Furniture_Product_353,Home,Furniture,Brand_15,2024-05-11,57226,18,ACTIVE,2025-09-20
354,HOM-FUR-0354,Furniture_Product_354,Home,Furniture,Brand_29,2025-12-05,69195,18,DISCONTINUED,2025-04-06
355,HOM-FUR-0355,Furniture_Product_355,Home,Furniture,Brand_20,2025-09-03,98077,18,DISCONTINUED,2026-06-12
356,HOM-FUR-0356,Furniture_Product_356,Home,Furniture,Brand_24,2025-01-28,15365,12,ACTIVE,2026-03-29
357,HOM-FUR-0357,Furniture_Product_357,Home,Furniture,Brand_40,2026-01-01,33282,18,ACTIVE,2026-03-22
358,HOM-FUR-0358,Furniture_Product_358,Home,Furniture,Brand_39,2024-05-17,8556,28,ACTIVE,2026-05-14
359,HOM-FUR-0359,Furniture_Product_359,Home,Furniture,Brand_37,2023-08-04,23835,18,ACTIVE,2024-09-13
360,HOM-FUR-0360,Furniture_Product_360,Home,Furniture,Brand_31,2025-05-06,63456,18,ACTIVE,2025-03-25
361,HOM-FUR-0361,Furniture_Product_361,Home,Furniture,Brand_11,2020-11-21,18660,12,DISCONTINUED,2024-10-07
362,HOM-FUR-0362,Furniture_Product_362,Home,Furniture,Brand_33,2025-02-07,58345,18,ACTIVE,2026-04-14
363,HOM-FUR-0363,Furniture_Product_363,Home,Furniture,Brand_5,2020-11-29,71964,28,ACTIVE,2025-01-17
364,HOM-FUR-0364,Furniture_Product_364,Home,Furniture,Brand_32,2022-06-23,16724,12,DISCONTINUED,2024-02-11
365,HOM-FUR-0365,Furniture_Product_365,Home,Furniture,Brand_2,2020-09-01,42526,5,ACTIVE,2024-10-20
366,HOM-FUR-0366,Furniture_Product_366,Home,Furniture,Brand_23,2021-04-09,57529,12,ACTIVE,2024-11-25
367,HOM-FUR-0367,Furniture_Product_367,Home,Furniture,Brand_36,2024-02-01,37374,5,ACTIVE,2026-01-16
368,HOM-FUR-0368,Furniture_Product_368,Home,Furniture,Brand_37,2020-10-02,75027,12,ACTIVE,2024-11-06
369,HOM-FUR-0369,Furniture_Product_369,Home,Furniture,Brand_12,2023-04-04,53675,12,DISCONTINUED,2026-01-27
370,HOM-FUR-0370,Furniture_Product_370,Home,Furniture,Brand_31,2021-02-26,17759,12,DISCONTINUED,2024-08-27
371,HOM-FUR-0371,Furniture_Product_371,Home,Furniture,Brand_16,2020-08-14,53370,18,ACTIVE,2024-07-26
372,HOM-FUR-0372,Furniture_Product_372,Home,Furniture,Brand_24,2022-03-08,93643,18,DISCONTINUED,2025-04-28
373,HOM-FUR-0373,Furniture_Product_373,Home,Furniture,Brand_21,2020-03-23,74853,28,ACTIVE,2025-05-30
374,HOM-FUR-0374,Furniture_Product_374,Home,Furniture,Brand_12,2021-05-06,78010,28,ACTIVE,2025-06-21
375,HOM-FUR-0375,Furniture_Product_375,Home,Furniture,Brand_32,2025-06-25,82571,18,DISCONTINUED,2025-04-26
376,HOM-FUR-0376,Furniture_Product_376,Home,Furniture,Brand_33,2021-08-22,92054,28,ACTIVE,2025-04-21
377,HOM-FUR-0377,Furniture_Product_377,Home,Furniture,Brand_28,2022-10-10,6313,28,ACTIVE,2024-08-12
378,HOM-FUR-0378,Furniture_Product_378,Home,Furniture,Brand_38,2025-10-12,95092,12,ACTIVE,2026-05-15
379,HOM-FUR-0379,Furniture_Product_379,Home,Furniture,Brand_25,2024-08-14,3668,28,DISCONTINUED,2025-08-06
380,HOM-FUR-0380,Furniture_Product_380,Home,Furniture,Brand_32,2025-08-23,42816,18,ACTIVE,2026-03-20
381,HOM-FUR-0381,Furniture_Product_381,Home,Furniture,Brand_4,2023-04-12,36464,18,DISCONTINUED,2024-02-17
382,HOM-FUR-0382,Furniture_Product_382,Home,Furniture,Brand_29,2021-07-29,78822,28,ACTIVE,2025-09-16
383,HOM-FUR-0383,Furniture_Product_383,Home,Furniture,Brand_2,2020-11-30,2356,28,DISCONTINUED,2024-08-24
384,HOM-FUR-0384,Furniture_Product_384,Home,Furniture,Brand_12,2021-08-27,53152,18,ACTIVE,2025-04-04
385,HOM-FUR-0385,Furniture_Product_385,Home,Furniture,Brand_34,2021-10-10,45402,18,ACTIVE,2024-08-31
386,HOM-FUR-0386,Furniture_Product_386,Home,Furniture,Brand_2,2023-09-24,81515,18,DISCONTINUED,2024-03-21
387,HOM-FUR-0387,Furniture_Product_387,Home,Furniture,Brand_23,2024-10-08,65619,5,ACTIVE,2025-04-14
388,HOM-FUR-0388,Furniture_Product_388,Home,Furniture,Brand_29,2023-08-01,26746,28,ACTIVE,2024-10-11
389,HOM-FUR-0389,Furniture_Product_389,Home,Furniture,Brand_21,2021-01-05,94036,28,DISCONTINUED,2024-02-05
390,HOM-FUR-0390,Furniture_Product_390,Home,Furniture,Brand_33,2025-08-13,39966,5,ACTIVE,2024-12-03
391,HOM-FUR-0391,Furniture_Product_391,Home,Furniture,Brand_21,2022-04-01,90629,5,ACTIVE,2024-07-19
392,HOM-FUR-0392,Furniture_Product_392,Home,Furniture,Brand_26,2023-10-19,81179,28,ACTIVE,2025-03-23
393,HOM-FUR-0393,Furniture_Product_393,Home,Furniture,Brand_34,2022-06-07,81261,18,ACTIVE,2026-02-26
394,HOM-FUR-0394,Furniture_Product_394,Home,Furniture,Brand_30,2020-04-08,45870,5,ACTIVE,2026-05-22
395,HOM-FUR-0395,Furniture_Product_395,Home,Furniture,Brand_3,2024-08-01,79530,28,ACTIVE,2024-07-05
396,HOM-FUR-0396,Furniture_Product_396,Home,Furniture,Brand_5,2021-06-10,70188,5,ACTIVE,2025-02-01
397,HOM-FUR-0397,Furniture_Product_397,Home,Furniture,Brand_36,2022-09-19,72555,28,ACTIVE,2026-04-27
398,HOM-FUR-0398,Furniture_Product_398,Home,Furniture,Brand_12,2025-06-03,68348,18,ACTIVE,2025-04-05
399,HOM-FUR-0399,Furniture_Product_399,Home,Furniture,Brand_37,2021-09-29,14732,18,DISCONTINUED,2025-08-10
400,HOM-FUR-0400,Furniture_Product_400,Home,Furniture,Brand_11,2023-06-24,11171,12,ACTIVE,2024-04-15
401,GRO-FOO-0401,Food_Product_401,Grocery,Food,Brand_31,2022-09-15,430,28,DISCONTINUED,2024-07-15
402,GRO-FOO-0402,Food_Product_402,Grocery,Food,Brand_37,2020-05-24,69460,18,DISCONTINUED,2024-08-08
403,GRO-FOO-0403,Food_Product_403,Grocery,Food,Brand_3,2024-07-29,73404,18,DISCONTINUED,2025-05-28
404,GRO-FOO-0404,Food_Product_404,Grocery,Food,Brand_14,2024-10-07,67718,5,ACTIVE,2025-03-29
405,GRO-FOO-0405,Food_Product_405,Grocery,Food,Brand_11,2022-03-25,70319,28,ACTIVE,2024-12-10
406,GRO-FOO-0406,Food_Product_406,Grocery,Food,Brand_27,2020-07-07,52409,28,ACTIVE,2025-01-15
407,GRO-FOO-0407,Food_Product_407,Grocery,Food,Brand_23,2023-12-28,58938,12,DISCONTINUED,2026-02-10
408,GRO-FOO-0408,Food_Product_408,Grocery,Food,Brand_21,2023-04-05,13270,5,ACTIVE,2026-02-01
409,GRO-FOO-0409,Food_Product_409,Grocery,Food,Brand_29,2025-05-25,86468,12,ACTIVE,2024-01-13
410,GRO-FOO-0410,Food_Product_410,Grocery,Food,Brand_19,2020-06-09,23540,18,DISCONTINUED,2026-04-24
411,GRO-FOO-0411,Food_Product_411,Grocery,Food,Brand_35,2025-08-18,71943,5,ACTIVE,2025-10-05
412,GRO-FOO-0412,Food_Product_412,Grocery,Food,Brand_35,2023-08-04,42742,28,ACTIVE,2024-08-04
413,GRO-FOO-0413,Food_Product_413,Grocery,Food,Brand_22,2025-06-07,66140,18,ACTIVE,2026-03-14
414,GRO-FOO-0414,Food_Product_414,Grocery,Food,Brand_31,2021-09-02,6190,5,ACTIVE,2024-10-22
415,GRO-FOO-0415,Food_Product_415,Grocery,Food,Brand_8,2020-03-08,37620,5,ACTIVE,2024-03-01
416,GRO-FOO-0416,Food_Product_416,Grocery,Food,Brand_30,2023-05-25,76102,12,ACTIVE,2025-02-19
417,GRO-FOO-0417,Food_Product_417,Grocery,Food,Brand_25,2020-02-26,68650,5,ACTIVE,2026-02-23
418,GRO-FOO-0418,Food_Product_418,Grocery,Food,Brand_8,2020-12-18,45093,18,DISCONTINUED,2025-01-26
419,GRO-FOO-0419,Food_Product_419,Grocery,Food,Brand_28,2020-12-31,30372,18,ACTIVE,2025-12-22
420,GRO-FOO-0420,Food_Product_420,Grocery,Food,Brand_18,2024-12-09,87074,18,ACTIVE,2024-02-13
421,GRO-FOO-0421,Food_Product_421,Grocery,Food,Brand_3,2023-07-01,44102,18,ACTIVE,2025-10-18
422,GRO-FOO-0422,Food_Product_422,Grocery,Food,Brand_36,2021-07-18,17155,28,ACTIVE,2025-02-19
423,GRO-FOO-0423,Food_Product_423,Grocery,Food,Brand_37,2020-06-01,85403,28,ACTIVE,2025-09-13
424,GRO-FOO-0424,Food_Product_424,Grocery,Food,Brand_20,2022-09-18,43620,28,DISCONTINUED,2024-12-22
425,GRO-FOO-0425,Food_Product_425,Grocery,Food,Brand_33,2020-06-15,88933,12,DISCONTINUED,2025-02-07
426,GRO-FOO-0426,Food_Product_426,Grocery,Food,Brand_14,2022-06-10,52980,18,ACTIVE,2024-05-23
427,GRO-FOO-0427,Food_Product_427,Grocery,Food,Brand_11,2023-05-31,47655,18,DISCONTINUED,2026-01-31
428,GRO-FOO-0428,Food_Product_428,Grocery,Food,Brand_7,2025-06-07,5130,12,ACTIVE,2024-12-23
429,GRO-FOO-0429,Food_Product_429,Grocery,Food,Brand_5,2023-04-30,84356,12,ACTIVE,2024-10-05
430,GRO-FOO-0430,Food_Product_430,Grocery,Food,Brand_40,2024-07-24,52709,12,DISCONTINUED,2025-09-14
431,GRO-FOO-0431,Food_Product_431,Grocery,Food,Brand_3,2020-06-15,95734,5,ACTIVE,2024-12-31
432,GRO-FOO-0432,Food_Product_432,Grocery,Food,Brand_14,2020-03-15,35912,28,ACTIVE,2025-10-09
433,GRO-FOO-0433,Food_Product_433,Grocery,Food,Brand_11,2023-07-19,13795,18,ACTIVE,2025-12-04
434,GRO-FOO-0434,Food_Product_434,Grocery,Food,Brand_37,2024-03-22,14451,28,ACTIVE,2025-08-01
435,GRO-FOO-0435,Food_Product_435,Grocery,Food,Brand_38,2025-08-18,58796,12,ACTIVE,2025-05-24
436,GRO-FOO-0436,Food_Product_436,Grocery,Food,Brand_1,2025-08-14,15265,28,ACTIVE,2025-06-30
437,GRO-FOO-0437,Food_Product_437,Grocery,Food,Brand_36,2021-02-24,29313,5,ACTIVE,2026-05-28
438,GRO-FOO-0438,Food_Product_438,Grocery,Food,Brand_35,2023-04-19,49871,5,DISCONTINUED,2024-07-03
439,GRO-FOO-0439,Food_Product_439,Grocery,Food,Brand_36,2021-01-27,47919,5,ACTIVE,2025-01-25
440,GRO-FOO-0440,Food_Product_440,Grocery,Food,Brand_17,2023-08-26,34324,28,ACTIVE,2024-06-06
441,GRO-FOO-0441,Food_Product_441,Grocery,Food,Brand_24,2024-12-03,30460,5,ACTIVE,2026-06-05
442,GRO-FOO-0442,Food_Product_442,Grocery,Food,Brand_23,2022-06-16,55373,5,ACTIVE,2025-03-27
443,GRO-FOO-0443,Food_Product_443,Grocery,Food,Brand_26,2025-08-12,59400,28,ACTIVE,2026-02-27
444,GRO-FOO-0444,Food_Product_444,Grocery,Food,Brand_11,2023-12-23,65396,18,ACTIVE,2024-10-13
445,GRO-FOO-0445,Food_Product_445,Grocery,Food,Brand_24,2020-06-01,72893,5,DISCONTINUED,2025-07-31
446,GRO-FOO-0446,Food_Product_446,Grocery,Food,Brand_33,2025-01-22,15793,28,ACTIVE,2025-10-29
447,GRO-FOO-0447,Food_Product_447,Grocery,Food,Brand_15,2021-01-01,99510,18,ACTIVE,2024-04-06
448,GRO-FOO-0448,Food_Product_448,Grocery,Food,Brand_28,2020-05-30,36504,12,ACTIVE,2026-04-26
449,GRO-FOO-0449,Food_Product_449,Grocery,Food,Brand_6,2022-12-21,33192,28,ACTIVE,2025-03-03
450,GRO-FOO-0450,Food_Product_450,Grocery,Food,Brand_22,2020-05-31,34822,18,ACTIVE,2025-01-13
451,GRO-BEV-0451,Beverage_Product_451,Grocery,Beverage,Brand_12,2024-10-27,34340,18,ACTIVE,2025-11-29
452,GRO-BEV-0452,Beverage_Product_452,Grocery,Beverage,Brand_33,2021-08-10,78690,28,DISCONTINUED,2025-09-02
453,GRO-BEV-0453,Beverage_Product_453,Grocery,Beverage,Brand_19,2024-02-20,33779,5,DISCONTINUED,2025-11-20
454,GRO-BEV-0454,Beverage_Product_454,Grocery,Beverage,Brand_37,2021-04-14,28830,28,DISCONTINUED,2024-02-15
455,GRO-BEV-0455,Beverage_Product_455,Grocery,Beverage,Brand_17,2025-09-03,63683,28,ACTIVE,2024-01-22
456,GRO-BEV-0456,Beverage_Product_456,Grocery,Beverage,Brand_39,2022-02-14,71872,12,ACTIVE,2024-09-09
457,GRO-BEV-0457,Beverage_Product_457,Grocery,Beverage,Brand_39,2024-05-25,42732,12,ACTIVE,2024-06-26
458,GRO-BEV-0458,Beverage_Product_458,Grocery,Beverage,Brand_31,2024-09-03,418,28,ACTIVE,2025-11-06
459,GRO-BEV-0459,Beverage_Product_459,Grocery,Beverage,Brand_8,2023-06-27,57320,18,ACTIVE,2024-01-04
460,GRO-BEV-0460,Beverage_Product_460,Grocery,Beverage,Brand_11,2024-11-18,91036,5,ACTIVE,2024-12-26
461,GRO-BEV-0461,Beverage_Product_461,Grocery,Beverage,Brand_13,2023-03-02,20405,18,ACTIVE,2024-12-15
462,GRO-BEV-0462,Beverage_Product_462,Grocery,Beverage,Brand_25,2020-12-19,73105,12,ACTIVE,2026-04-16
463,GRO-BEV-0463,Beverage_Product_463,Grocery,Beverage,Brand_28,2021-09-16,11671,12,DISCONTINUED,2024-09-18
464,GRO-BEV-0464,Beverage_Product_464,Grocery,Beverage,Brand_8,2024-01-14,45277,5,ACTIVE,2025-08-12
465,GRO-BEV-0465,Beverage_Product_465,Grocery,Beverage,Brand_23,2023-01-23,17470,18,ACTIVE,2026-06-06
466,GRO-BEV-0466,Beverage_Product_466,Grocery,Beverage,Brand_31,2023-10-21,968,18,ACTIVE,2025-07-08
467,GRO-BEV-0467,Beverage_Product_467,Grocery,Beverage,Brand_33,2020-09-09,67019,18,DISCONTINUED,2026-06-16
468,GRO-BEV-0468,Beverage_Product_468,Grocery,Beverage,Brand_34,2021-12-05,91473,5,ACTIVE,2024-06-09
469,GRO-BEV-0469,Beverage_Product_469,Grocery,Beverage,Brand_31,2020-10-21,19930,28,ACTIVE,2024-07-29
470,GRO-BEV-0470,Beverage_Product_470,Grocery,Beverage,Brand_20,2020-05-13,90836,12,DISCONTINUED,2025-09-25
471,GRO-BEV-0471,Beverage_Product_471,Grocery,Beverage,Brand_14,2025-06-24,69502,5,DISCONTINUED,2026-03-12
472,GRO-BEV-0472,Beverage_Product_472,Grocery,Beverage,Brand_16,2021-09-12,53408,28,ACTIVE,2025-04-07
473,GRO-BEV-0473,Beverage_Product_473,Grocery,Beverage,Brand_16,2022-09-25,20370,28,ACTIVE,2025-04-04
474,GRO-BEV-0474,Beverage_Product_474,Grocery,Beverage,Brand_29,2024-10-25,57636,18,ACTIVE,2025-09-21
475,GRO-BEV-0475,Beverage_Product_475,Grocery,Beverage,Brand_22,2025-09-06,66776,5,DISCONTINUED,2025-10-11
476,GRO-BEV-0476,Beverage_Product_476,Grocery,Beverage,Brand_19,2024-04-25,70541,28,DISCONTINUED,2025-12-24
477,GRO-BEV-0477,Beverage_Product_477,Grocery,Beverage,Brand_30,2023-04-20,76589,12,DISCONTINUED,2024-10-23
478,GRO-BEV-0478,Beverage_Product_478,Grocery,Beverage,Brand_18,2022-03-05,9658,12,ACTIVE,2025-05-15
479,GRO-BEV-0479,Beverage_Product_479,Grocery,Beverage,Brand_23,2025-07-20,20676,28,ACTIVE,2025-05-31
480,GRO-BEV-0480,Beverage_Product_480,Grocery,Beverage,Brand_17,2020-01-19,90113,18,ACTIVE,2025-02-18
481,GRO-BEV-0481,Beverage_Product_481,Grocery,Beverage,Brand_28,2024-12-03,84794,12,ACTIVE,2024-02-02
482,GRO-BEV-0482,Beverage_Product_482,Grocery,Beverage,Brand_13,2020-11-05,52113,5,DISCONTINUED,2025-12-29
483,GRO-BEV-0483,Beverage_Product_483,Grocery,Beverage,Brand_14,2021-03-15,63494,28,DISCONTINUED,2024-01-16
484,GRO-BEV-0484,Beverage_Product_484,Grocery,Beverage,Brand_22,2022-09-23,39737,5,ACTIVE,2025-07-21
485,GRO-BEV-0485,Beverage_Product_485,Grocery,Beverage,Brand_35,2022-06-26,24926,12,ACTIVE,2025-10-31
486,GRO-BEV-0486,Beverage_Product_486,Grocery,Beverage,Brand_21,2021-01-27,67220,5,ACTIVE,2025-02-11
487,GRO-BEV-0487,Beverage_Product_487,Grocery,Beverage,Brand_26,2023-02-19,70951,5,ACTIVE,2024-09-12
488,GRO-BEV-0488,Beverage_Product_488,Grocery,Beverage,Brand_28,2021-07-07,70583,5,ACTIVE,2026-06-11
489,GRO-BEV-0489,Beverage_Product_489,Grocery,Beverage,Brand_39,2022-06-28,65732,18,ACTIVE,2024-03-14
490,GRO-BEV-0490,Beverage_Product_490,Grocery,Beverage,Brand_8,2023-12-19,36279,12,DISCONTINUED,2025-05-10
491,GRO-BEV-0491,Beverage_Product_491,Grocery,Beverage,Brand_35,2021-01-21,47217,28,ACTIVE,2024-09-23
492,GRO-BEV-0492,Beverage_Product_492,Grocery,Beverage,Brand_6,2023-07-24,76095,5,ACTIVE,2025-11-20
493,GRO-BEV-0493,Beverage_Product_493,Grocery,Beverage,Brand_25,2024-10-12,1713,28,ACTIVE,2024-08-29
494,GRO-BEV-0494,Beverage_Product_494,Grocery,Beverage,Brand_25,2023-12-17,7912,18,ACTIVE,2024-02-08
495,GRO-BEV-0495,Beverage_Product_495,Grocery,Beverage,Brand_10,2024-08-07,85692,12,ACTIVE,2024-11-14
496,GRO-BEV-0496,Beverage_Product_496,Grocery,Beverage,Brand_32,2021-06-23,19053,18,ACTIVE,2025-10-15
497,GRO-BEV-0497,Beverage_Product_497,Grocery,Beverage,Brand_36,2021-08-22,55970,5,ACTIVE,2024-12-11
498,GRO-BEV-0498,Beverage_Product_498,Grocery,Beverage,Brand_3,2024-08-30,16532,5,ACTIVE,2025-06-26
499,GRO-BEV-0499,Beverage_Product_499,Grocery,Beverage,Brand_19,2020-05-15,10243,18,ACTIVE,2026-05-14
500,GRO-BEV-0500,Beverage_Product_500,Grocery,Beverage,Brand_40,2025-07-26,85507,5,ACTIVE,2024-05-19
